{
  "last_node_id": 835,
  "last_link_id": 1802,
  "nodes": [
    {
      "id": 806,
      "type": "FILM VFI",
      "pos": {
        "0": 1716.349365234375,
        "1": 1152.2645263671875,
        "2": 0,
        "3": 0,
        "4": 0,
        "5": 0,
        "6": 0,
        "7": 0,
        "8": 0,
        "9": 0
      },
      "size": {
        "0": 443.4000244140625,
        "1": 126
      },
      "flags": {},
      "order": 30,
      "mode": 0,
      "inputs": [
        {
          "name": "frames",
          "type": "IMAGE",
          "link": 1762
        },
        {
          "name": "optional_interpolation_states",
          "type": "INTERPOLATION_STATES",
          "link": null
        }
      ],
      "outputs": [
        {
          "name": "IMAGE",
          "type": "IMAGE",
          "links": [
            1763
          ],
          "slot_index": 0,
          "shape": 3
        }
      ],
      "properties": {
        "Node name for S&R": "FILM VFI",
        "ttNbgOverride": {
          "color": "#223",
          "bgcolor": "#335",
          "groupcolor": "#88A"
        }
      },
      "widgets_values": [
        "film_net_fp32.pt",
        10,
        3
      ],
      "color": "#223",
      "bgcolor": "#335"
    },
    {
      "id": 808,
      "type": "JWImageMix",
      "pos": {
        "0": 1364.349365234375,
        "1": 1151.2645263671875,
        "2": 0,
        "3": 0,
        "4": 0,
        "5": 0,
        "6": 0,
        "7": 0,
        "8": 0,
        "9": 0
      },
      "size": {
        "0": 315,
        "1": 102
      },
      "flags": {},
      "order": 29,
      "mode": 0,
      "inputs": [
        {
          "name": "image_a",
          "type": "IMAGE",
          "link": 1755
        },
        {
          "name": "image_b",
          "type": "IMAGE",
          "link": 1761
        }
      ],
      "outputs": [
        {
          "name": "IMAGE",
          "type": "IMAGE",
          "links": [
            1762
          ],
          "slot_index": 0,
          "shape": 3
        }
      ],
      "properties": {
        "Node name for S&R": "JWImageMix",
        "ttNbgOverride": {
          "color": "#223",
          "bgcolor": "#335",
          "groupcolor": "#88A"
        }
      },
      "widgets_values": [
        "mix",
        0.5
      ],
      "color": "#223",
      "bgcolor": "#335"
    },
    {
      "id": 279,
      "type": "ImageScale",
      "pos": {
        "0": 918.349365234375,
        "1": 1119.264404296875,
        "2": 0,
        "3": 0,
        "4": 0,
        "5": 0,
        "6": 0,
        "7": 0,
        "8": 0,
        "9": 0
      },
      "size": {
        "0": 315,
        "1": 130
      },
      "flags": {},
      "order": 27,
      "mode": 0,
      "inputs": [
        {
          "name": "image",
          "type": "IMAGE",
          "link": 1721
        },
        {
          "name": "width",
          "type": "INT",
          "link": 1726,
          "widget": {
            "name": "width"
          }
        },
        {
          "name": "height",
          "type": "INT",
          "link": 1727,
          "widget": {
            "name": "height"
          }
        }
      ],
      "outputs": [
        {
          "name": "IMAGE",
          "type": "IMAGE",
          "links": [
            1755
          ],
          "slot_index": 0,
          "shape": 3
        }
      ],
      "properties": {
        "Node name for S&R": "ImageScale",
        "ttNbgOverride": {
          "color": "#223",
          "bgcolor": "#335",
          "groupcolor": "#88A"
        }
      },
      "widgets_values": [
        "lanczos",
        1920,
        1080,
        "center"
      ],
      "color": "#223",
      "bgcolor": "#335"
    },
    {
      "id": 270,
      "type": "UpscaleModelLoader",
      "pos": {
        "0": -135.6506805419922,
        "1": 1112.264404296875,
        "2": 0,
        "3": 0,
        "4": 0,
        "5": 0,
        "6": 0,
        "7": 0,
        "8": 0,
        "9": 0
      },
      "size": {
        "0": 423.95172119140625,
        "1": 114.74219512939453
      },
      "flags": {
        "collapsed": false
      },
      "order": 0,
      "mode": 0,
      "inputs": [],
      "outputs": [
        {
          "name": "UPSCALE_MODEL",
          "type": "UPSCALE_MODEL",
          "links": [
            651
          ],
          "slot_index": 0,
          "shape": 3
        }
      ],
      "properties": {
        "Node name for S&R": "UpscaleModelLoader",
        "ttNbgOverride": {
          "color": "#223",
          "bgcolor": "#335",
          "groupcolor": "#88A"
        }
      },
      "widgets_values": [
        "4x-UltraSharp.pth"
      ],
      "color": "#223",
      "bgcolor": "#335"
    },
    {
      "id": 271,
      "type": "ImageUpscaleWithModel",
      "pos": {
        "0": 466.349365234375,
        "1": 1125.264404296875,
        "2": 0,
        "3": 0,
        "4": 0,
        "5": 0,
        "6": 0,
        "7": 0,
        "8": 0,
        "9": 0
      },
      "size": {
        "0": 241.79998779296875,
        "1": 46
      },
      "flags": {},
      "order": 23,
      "mode": 0,
      "inputs": [
        {
          "name": "upscale_model",
          "type": "UPSCALE_MODEL",
          "link": 651
        },
        {
          "name": "image",
          "type": "IMAGE",
          "link": 1765
        }
      ],
      "outputs": [
        {
          "name": "IMAGE",
          "type": "IMAGE",
          "links": [
            1721
          ],
          "slot_index": 0,
          "shape": 3
        }
      ],
      "properties": {
        "Node name for S&R": "ImageUpscaleWithModel",
        "ttNbgOverride": {
          "color": "#223",
          "bgcolor": "#335",
          "groupcolor": "#88A"
        }
      },
      "color": "#223",
      "bgcolor": "#335"
    },
    {
      "id": 809,
      "type": "ImageScale",
      "pos": {
        "0": 900.3494873046875,
        "1": 1323.2645263671875,
        "2": 0,
        "3": 0,
        "4": 0,
        "5": 0,
        "6": 0,
        "7": 0,
        "8": 0,
        "9": 0
      },
      "size": {
        "0": 315,
        "1": 130
      },
      "flags": {},
      "order": 28,
      "mode": 0,
      "inputs": [
        {
          "name": "image",
          "type": "IMAGE",
          "link": 1767
        },
        {
          "name": "width",
          "type": "INT",
          "link": 1759,
          "widget": {
            "name": "width"
          }
        },
        {
          "name": "height",
          "type": "INT",
          "link": 1760,
          "widget": {
            "name": "height"
          }
        }
      ],
      "outputs": [
        {
          "name": "IMAGE",
          "type": "IMAGE",
          "links": [
            1761
          ],
          "slot_index": 0,
          "shape": 3
        }
      ],
      "properties": {
        "Node name for S&R": "ImageScale",
        "ttNbgOverride": {
          "color": "#223",
          "bgcolor": "#335",
          "groupcolor": "#88A"
        }
      },
      "widgets_values": [
        "lanczos",
        1920,
        1080,
        "center"
      ],
      "color": "#223",
      "bgcolor": "#335"
    },
    {
      "id": 799,
      "type": "JWIntegerMul",
      "pos": {
        "0": 432.3492736816406,
        "1": 1245.2646484375,
        "2": 0,
        "3": 0,
        "4": 0,
        "5": 0,
        "6": 0,
        "7": 0,
        "8": 0,
        "9": 0
      },
      "size": {
        "0": 315,
        "1": 82
      },
      "flags": {},
      "order": 25,
      "mode": 0,
      "inputs": [
        {
          "name": "a",
          "type": "INT",
          "link": 1724,
          "widget": {
            "name": "a"
          }
        }
      ],
      "outputs": [
        {
          "name": "INT",
          "type": "INT",
          "links": [
            1726,
            1759
          ],
          "slot_index": 0,
          "shape": 3
        }
      ],
      "properties": {
        "Node name for S&R": "JWIntegerMul",
        "ttNbgOverride": {
          "color": "#223",
          "bgcolor": "#335",
          "groupcolor": "#88A"
        }
      },
      "widgets_values": [
        0,
        3
      ],
      "color": "#223",
      "bgcolor": "#335"
    },
    {
      "id": 798,
      "type": "DF_Get_image_size",
      "pos": {
        "0": 117.34927368164062,
        "1": 1324.2645263671875,
        "2": 0,
        "3": 0,
        "4": 0,
        "5": 0,
        "6": 0,
        "7": 0,
        "8": 0,
        "9": 0
      },
      "size": {
        "0": 210,
        "1": 46
      },
      "flags": {},
      "order": 24,
      "mode": 0,
      "inputs": [
        {
          "name": "image",
          "type": "IMAGE",
          "link": 1766
        }
      ],
      "outputs": [
        {
          "name": "WIDTH",
          "type": "INT",
          "links": [
            1724
          ],
          "slot_index": 0,
          "shape": 3
        },
        {
          "name": "HEIGHT",
          "type": "INT",
          "links": [
            1725
          ],
          "slot_index": 1,
          "shape": 3
        }
      ],
      "properties": {
        "Node name for S&R": "DF_Get_image_size",
        "ttNbgOverride": {
          "color": "#223",
          "bgcolor": "#335",
          "groupcolor": "#88A"
        }
      },
      "color": "#223",
      "bgcolor": "#335"
    },
    {
      "id": 800,
      "type": "JWIntegerMul",
      "pos": {
        "0": 427.3492736816406,
        "1": 1391.2647705078125,
        "2": 0,
        "3": 0,
        "4": 0,
        "5": 0,
        "6": 0,
        "7": 0,
        "8": 0,
        "9": 0
      },
      "size": {
        "0": 315,
        "1": 82
      },
      "flags": {},
      "order": 26,
      "mode": 0,
      "inputs": [
        {
          "name": "a",
          "type": "INT",
          "link": 1725,
          "widget": {
            "name": "a"
          }
        }
      ],
      "outputs": [
        {
          "name": "INT",
          "type": "INT",
          "links": [
            1727,
            1760
          ],
          "slot_index": 0,
          "shape": 3
        }
      ],
      "properties": {
        "Node name for S&R": "JWIntegerMul",
        "ttNbgOverride": {
          "color": "#223",
          "bgcolor": "#335",
          "groupcolor": "#88A"
        }
      },
      "widgets_values": [
        0,
        3
      ],
      "color": "#223",
      "bgcolor": "#335"
    },
    {
      "id": 818,
      "type": "Florence2Run",
      "pos": {
        "0": -2851.7919921875,
        "1": 581.884765625,
        "2": 0,
        "3": 0,
        "4": 0,
        "5": 0,
        "6": 0,
        "7": 0,
        "8": 0,
        "9": 0
      },
      "size": {
        "0": 400,
        "1": 357
      },
      "flags": {},
      "order": 11,
      "mode": 4,
      "inputs": [
        {
          "name": "image",
          "type": "IMAGE",
          "link": 1797
        },
        {
          "name": "florence2_model",
          "type": "FL2MODEL",
          "link": 1769,
          "slot_index": 1
        }
      ],
      "outputs": [
        {
          "name": "image",
          "type": "IMAGE",
          "links": [],
          "slot_index": 0,
          "shape": 3
        },
        {
          "name": "mask",
          "type": "MASK",
          "links": [],
          "slot_index": 1,
          "shape": 3
        },
        {
          "name": "caption",
          "type": "STRING",
          "links": [
            1771
          ],
          "slot_index": 2,
          "shape": 3
        },
        {
          "name": "data",
          "type": "JSON",
          "links": null,
          "shape": 3
        }
      ],
      "properties": {
        "Node name for S&R": "Florence2Run",
        "ttNbgOverride": {
          "color": "#223",
          "bgcolor": "#335",
          "groupcolor": "#88A"
        }
      },
      "widgets_values": [
        "",
        "more_detailed_caption",
        true,
        false,
        1024,
        3,
        true,
        "",
        639624009900592,
        "randomize",
        true
      ],
      "color": "#223",
      "bgcolor": "#335"
    },
    {
      "id": 819,
      "type": "DownloadAndLoadFlorence2Model",
      "pos": {
        "0": -2846.7919921875,
        "1": 408.884765625,
        "2": 0,
        "3": 0,
        "4": 0,
        "5": 0,
        "6": 0,
        "7": 0,
        "8": 0,
        "9": 0
      },
      "size": {
        "0": 315,
        "1": 106
      },
      "flags": {},
      "order": 1,
      "mode": 4,
      "inputs": [
        {
          "name": "lora",
          "type": "PEFTLORA",
          "link": null
        }
      ],
      "outputs": [
        {
          "name": "florence2_model",
          "type": "FL2MODEL",
          "links": [
            1769
          ],
          "shape": 3
        }
      ],
      "properties": {
        "Node name for S&R": "DownloadAndLoadFlorence2Model",
        "ttNbgOverride": {
          "color": "#223",
          "bgcolor": "#335",
          "groupcolor": "#88A"
        }
      },
      "widgets_values": [
        "microsoft/Florence-2-base",
        "fp16",
        "sdpa"
      ],
      "color": "#223",
      "bgcolor": "#335"
    },
    {
      "id": 821,
      "type": "Text Find and Replace",
      "pos": {
        "0": -2404.79248046875,
        "1": 412.884765625,
        "2": 0,
        "3": 0,
        "4": 0,
        "5": 0,
        "6": 0,
        "7": 0,
        "8": 0,
        "9": 0
      },
      "size": {
        "0": 317.4000244140625,
        "1": 166
      },
      "flags": {
        "collapsed": false
      },
      "order": 16,
      "mode": 4,
      "inputs": [
        {
          "name": "text",
          "type": "STRING",
          "link": 1771,
          "widget": {
            "name": "text"
          }
        }
      ],
      "outputs": [
        {
          "name": "result_text",
          "type": "STRING",
          "links": [
            1770
          ],
          "slot_index": 0,
          "shape": 3
        },
        {
          "name": "replacement_count_number",
          "type": "NUMBER",
          "links": null,
          "shape": 3
        },
        {
          "name": "replacement_count_float",
          "type": "FLOAT",
          "links": null,
          "shape": 3
        },
        {
          "name": "replacement_count_int",
          "type": "INT",
          "links": null,
          "shape": 3
        }
      ],
      "properties": {
        "Node name for S&R": "Text Find and Replace",
        "ttNbgOverride": {
          "color": "#223",
          "bgcolor": "#335",
          "groupcolor": "#88A"
        }
      },
      "widgets_values": [
        "",
        "The image is",
        "sharp image of"
      ],
      "color": "#223",
      "bgcolor": "#335"
    },
    {
      "id": 272,
      "type": "VHS_VideoCombine",
      "pos": {
        "0": 2210.348388671875,
        "1": 1164.2645263671875,
        "2": 0,
        "3": 0,
        "4": 0,
        "5": 0,
        "6": 0,
        "7": 0,
        "8": 0,
        "9": 0
      },
      "size": [
        597.8143920898438,
        709.2095947265625
      ],
      "flags": {},
      "order": 31,
      "mode": 0,
      "inputs": [
        {
          "name": "images",
          "type": "IMAGE",
          "link": 1763
        },
        {
          "name": "audio",
          "type": "VHS_AUDIO",
          "link": null
        },
        {
          "name": "meta_batch",
          "type": "VHS_BatchManager",
          "link": null
        },
        {
          "name": "vae",
          "type": "VAE",
          "link": null
        }
      ],
      "outputs": [
        {
          "name": "Filenames",
          "type": "VHS_FILENAMES",
          "links": null,
          "shape": 3
        }
      ],
      "properties": {
        "Node name for S&R": "VHS_VideoCombine"
      },
      "widgets_values": {
        "frame_rate": 24,
        "loop_count": 0,
        "filename_prefix": "CogVideo/3x_upscale_video",
        "format": "video/h264-mp4",
        "pix_fmt": "yuv420p",
        "crf": 10,
        "save_metadata": true,
        "pingpong": false,
        "save_output": true,
        "videopreview": {
          "hidden": false,
          "paused": false,
          "params": {
            "filename": "3x_upscale_video_00003.mp4",
            "subfolder": "CogVideo",
            "type": "output",
            "format": "video/h264-mp4",
            "frame_rate": 24
          }
        }
      },
      "color": "#222",
      "bgcolor": "#000"
    },
    {
      "id": 830,
      "type": "CogVideoImageEncode",
      "pos": {
        "0": -1698,
        "1": 1604,
        "2": 0,
        "3": 0,
        "4": 0,
        "5": 0,
        "6": 0,
        "7": 0,
        "8": 0,
        "9": 0
      },
      "size": {
        "0": 315,
        "1": 122
      },
      "flags": {},
      "order": 15,
      "mode": 0,
      "inputs": [
        {
          "name": "pipeline",
          "type": "COGVIDEOPIPE",
          "link": 1788
        },
        {
          "name": "image",
          "type": "IMAGE",
          "link": 1789
        },
        {
          "name": "mask",
          "type": "MASK",
          "link": null
        }
      ],
      "outputs": [
        {
          "name": "samples",
          "type": "LATENT",
          "links": [
            1787
          ],
          "slot_index": 0,
          "shape": 3
        }
      ],
      "properties": {
        "Node name for S&R": "CogVideoImageEncode",
        "ttNbgOverride": {
          "color": "#223",
          "bgcolor": "#335",
          "groupcolor": "#88A"
        }
      },
      "widgets_values": [
        16,
        true
      ],
      "color": "#223",
      "bgcolor": "#335"
    },
    {
      "id": 810,
      "type": "Reroute",
      "pos": {
        "0": -59,
        "1": 1270,
        "2": 0,
        "3": 0,
        "4": 0,
        "5": 0,
        "6": 0,
        "7": 0,
        "8": 0,
        "9": 0
      },
      "size": [
        75,
        26
      ],
      "flags": {},
      "order": 21,
      "mode": 0,
      "inputs": [
        {
          "name": "",
          "type": "*",
          "link": 1792
        }
      ],
      "outputs": [
        {
          "name": "",
          "type": "IMAGE",
          "links": [
            1765,
            1766,
            1767
          ],
          "slot_index": 0
        }
      ],
      "properties": {
        "showOutputText": false,
        "horizontal": false,
        "ttNbgOverride": {
          "color": "#223",
          "bgcolor": "#335",
          "groupcolor": "#88A"
        }
      },
      "color": "#223",
      "bgcolor": "#335"
    },
    {
      "id": 832,
      "type": "CogVideoDecode",
      "pos": {
        "0": -830,
        "1": 1071,
        "2": 0,
        "3": 0,
        "4": 0,
        "5": 0,
        "6": 0,
        "7": 0,
        "8": 0,
        "9": 0
      },
      "size": {
        "0": 315,
        "1": 198
      },
      "flags": {},
      "order": 20,
      "mode": 0,
      "inputs": [
        {
          "name": "pipeline",
          "type": "COGVIDEOPIPE",
          "link": 1790
        },
        {
          "name": "samples",
          "type": "LATENT",
          "link": 1791
        }
      ],
      "outputs": [
        {
          "name": "images",
          "type": "IMAGE",
          "links": [
            1792,
            1795
          ],
          "slot_index": 0,
          "shape": 3
        }
      ],
      "properties": {
        "Node name for S&R": "CogVideoDecode",
        "ttNbgOverride": {
          "color": "#223",
          "bgcolor": "#335",
          "groupcolor": "#88A"
        }
      },
      "widgets_values": [
        false,
        240,
        360,
        0.2,
        0.2,
        true
      ],
      "color": "#223",
      "bgcolor": "#335"
    },
    {
      "id": 816,
      "type": "PreviewImage",
      "pos": {
        "0": -3358,
        "1": 1399,
        "2": 0,
        "3": 0,
        "4": 0,
        "5": 0,
        "6": 0,
        "7": 0,
        "8": 0,
        "9": 0
      },
      "size": [
        400.9043059089695,
        330.38596435594036
      ],
      "flags": {},
      "order": 14,
      "mode": 0,
      "inputs": [
        {
          "name": "images",
          "type": "IMAGE",
          "link": 1773
        }
      ],
      "outputs": [],
      "properties": {
        "Node name for S&R": "PreviewImage",
        "ttNbgOverride": {
          "color": "#223",
          "bgcolor": "#335",
          "groupcolor": "#88A"
        }
      },
      "color": "#223",
      "bgcolor": "#335"
    },
    {
      "id": 813,
      "type": "Note",
      "pos": {
        "0": -3783,
        "1": 748,
        "2": 0,
        "3": 0,
        "4": 0,
        "5": 0,
        "6": 0,
        "7": 0,
        "8": 0,
        "9": 0
      },
      "size": {
        "0": 531.9981079101562,
        "1": 224.49546813964844
      },
      "flags": {},
      "order": 2,
      "mode": 0,
      "inputs": [],
      "outputs": [],
      "title": "Note 1",
      "properties": {
        "text": ""
      },
      "widgets_values": [
        "Animate from still using CogVideoX-5b-I2V  v1.0\nby Davant Systems  \nhttps://www.davantsystems.com/\n\n\n  Florence for auto prompting based on input image, connect directly or paste prompt into \n  Text ✍ Description node and add your motion to the ✍ Movement node\n\n  the video upload is for doing the upscale & time stretch separately\n\n\n\n"
      ],
      "color": "#432",
      "bgcolor": "#653"
    },
    {
      "id": 815,
      "type": "Crop Image TargetSize (JPS)",
      "pos": {
        "0": -3356,
        "1": 1170,
        "2": 0,
        "3": 0,
        "4": 0,
        "5": 0,
        "6": 0,
        "7": 0,
        "8": 0,
        "9": 0
      },
      "size": {
        "0": 340.20001220703125,
        "1": 178
      },
      "flags": {},
      "order": 10,
      "mode": 0,
      "inputs": [
        {
          "name": "image",
          "type": "IMAGE",
          "link": 1796
        }
      ],
      "outputs": [
        {
          "name": "IMAGE",
          "type": "IMAGE",
          "links": [
            1773,
            1789
          ],
          "slot_index": 0,
          "shape": 3
        }
      ],
      "properties": {
        "Node name for S&R": "Crop Image TargetSize (JPS)",
        "ttNbgOverride": {
          "color": "#223",
          "bgcolor": "#335",
          "groupcolor": "#88A"
        }
      },
      "widgets_values": [
        720,
        480,
        "top",
        64,
        "lanczos",
        0
      ],
      "color": "#223",
      "bgcolor": "#335"
    },
    {
      "id": 834,
      "type": "LoadImage",
      "pos": {
        "0": -3774,
        "1": 1026,
        "2": 0,
        "3": 0,
        "4": 0,
        "5": 0,
        "6": 0,
        "7": 0,
        "8": 0,
        "9": 0
      },
      "size": [
        315,
        314
      ],
      "flags": {},
      "order": 3,
      "mode": 0,
      "inputs": [],
      "outputs": [
        {
          "name": "IMAGE",
          "type": "IMAGE",
          "links": [
            1796,
            1797
          ],
          "shape": 3,
          "slot_index": 0
        },
        {
          "name": "MASK",
          "type": "MASK",
          "links": null,
          "shape": 3
        }
      ],
      "properties": {
        "Node name for S&R": "LoadImage",
        "ttNbgOverride": {
          "color": "#223",
          "bgcolor": "#335",
          "groupcolor": "#88A"
        }
      },
      "widgets_values": [
        "24169834.png",
        "image"
      ],
      "color": "#232",
      "bgcolor": "#353"
    },
    {
      "id": 820,
      "type": "ShowText|pysssss",
      "pos": {
        "0": -2397,
        "1": 639,
        "2": 0,
        "3": 0,
        "4": 0,
        "5": 0,
        "6": 0,
        "7": 0,
        "8": 0,
        "9": 0
      },
      "size": {
        "0": 329.585205078125,
        "1": 187.5714874267578
      },
      "flags": {},
      "order": 18,
      "mode": 4,
      "inputs": [
        {
          "name": "text",
          "type": "STRING",
          "link": 1770,
          "widget": {
            "name": "text"
          }
        }
      ],
      "outputs": [
        {
          "name": "STRING",
          "type": "STRING",
          "links": [],
          "slot_index": 0,
          "shape": 6
        }
      ],
      "properties": {
        "Node name for S&R": "ShowText|pysssss",
        "ttNbgOverride": {
          "color": "#223",
          "bgcolor": "#335",
          "groupcolor": "#88A"
        }
      },
      "widgets_values": [
        [
          "sharp image of a digital portrait of a woman's face. The woman has a golden complexion and her eyes are a piercing yellow color. Her hair is styled in a sleek bob and she is wearing a headscarf that covers her head. The background is a gradient of yellow and orange, creating a warm and luxurious feel. The overall color scheme of the image is warm and golden, giving it a luxurious and glamorous look."
        ],
        "sharp image of a close-up portrait of a cat wearing a silver puffer jacket. The cat is looking directly at the camera with a curious expression. Its fur is a mix of brown, black, and white stripes, and its eyes are a bright yellow. The background is a solid yellow color, making the cat the focal point of the image. The jacket has a zipper on the front and a hood that covers the cat's head. The overall mood of the portrait is playful and playful."
      ],
      "color": "#232",
      "bgcolor": "#353"
    },
    {
      "id": 831,
      "type": "DownloadAndLoadCogVideoModel",
      "pos": {
        "0": -2172,
        "1": 1582,
        "2": 0,
        "3": 0,
        "4": 0,
        "5": 0,
        "6": 0,
        "7": 0,
        "8": 0,
        "9": 0
      },
      "size": {
        "0": 315,
        "1": 154
      },
      "flags": {},
      "order": 4,
      "mode": 0,
      "inputs": [],
      "outputs": [
        {
          "name": "cogvideo_pipe",
          "type": "COGVIDEOPIPE",
          "links": [
            1788,
            1798
          ],
          "slot_index": 0,
          "shape": 3
        }
      ],
      "properties": {
        "Node name for S&R": "DownloadAndLoadCogVideoModel",
        "ttNbgOverride": {
          "color": "#223",
          "bgcolor": "#335",
          "groupcolor": "#88A"
        }
      },
      "widgets_values": [
        "THUDM/CogVideoX-5b-I2V",
        "bf16",
        "disabled",
        "disabled",
        false
      ],
      "color": "#223",
      "bgcolor": "#335"
    },
    {
      "id": 829,
      "type": "CLIPLoader",
      "pos": {
        "0": -2197,
        "1": 1201,
        "2": 0,
        "3": 0,
        "4": 0,
        "5": 0,
        "6": 0,
        "7": 0,
        "8": 0,
        "9": 0
      },
      "size": {
        "0": 315,
        "1": 82
      },
      "flags": {},
      "order": 5,
      "mode": 0,
      "inputs": [],
      "outputs": [
        {
          "name": "CLIP",
          "type": "CLIP",
          "links": [
            1784,
            1800
          ],
          "slot_index": 0,
          "shape": 3
        }
      ],
      "properties": {
        "Node name for S&R": "CLIPLoader",
        "ttNbgOverride": {
          "color": "#223",
          "bgcolor": "#335",
          "groupcolor": "#88A"
        }
      },
      "widgets_values": [
        "t5\\google_t5-v1_1-xxl_encoderonly-fp8_e4m3fn.safetensors",
        "sd3"
      ],
      "color": "#223",
      "bgcolor": "#335"
    },
    {
      "id": 826,
      "type": "CogVideoTextEncode",
      "pos": {
        "0": -1753,
        "1": 1143,
        "2": 0,
        "3": 0,
        "4": 0,
        "5": 0,
        "6": 0,
        "7": 0,
        "8": 0,
        "9": 0
      },
      "size": [
        384.1911556403975,
        107
      ],
      "flags": {},
      "order": 17,
      "mode": 0,
      "inputs": [
        {
          "name": "clip",
          "type": "CLIP",
          "link": 1784
        },
        {
          "name": "prompt",
          "type": "STRING",
          "link": 1779,
          "widget": {
            "name": "prompt"
          }
        }
      ],
      "outputs": [
        {
          "name": "conditioning",
          "type": "CONDITIONING",
          "links": [
            1778
          ],
          "slot_index": 0,
          "shape": 3
        }
      ],
      "properties": {
        "Node name for S&R": "CogVideoTextEncode"
      },
      "widgets_values": [
        "",
        1,
        true,
        true
      ],
      "color": "#232",
      "bgcolor": "#353"
    },
    {
      "id": 835,
      "type": "CogVideoTextEncode",
      "pos": {
        "0": -1765,
        "1": 1296,
        "2": 0,
        "3": 0,
        "4": 0,
        "5": 0,
        "6": 0,
        "7": 0,
        "8": 0,
        "9": 0
      },
      "size": {
        "0": 400,
        "1": 200
      },
      "flags": {},
      "order": 12,
      "mode": 0,
      "inputs": [
        {
          "name": "clip",
          "type": "CLIP",
          "link": 1800
        }
      ],
      "outputs": [
        {
          "name": "conditioning",
          "type": "CONDITIONING",
          "links": [
            1799
          ],
          "shape": 3,
          "slot_index": 0
        }
      ],
      "properties": {
        "Node name for S&R": "CogVideoTextEncode",
        "ttNbgOverride": {
          "color": "#223",
          "bgcolor": "#335",
          "groupcolor": "#88A"
        }
      },
      "widgets_values": [
        "low resolution. Watermark present in each frame. Strange motion trajectory, blurry",
        1,
        true,
        true
      ],
      "color": "#322",
      "bgcolor": "#533"
    },
    {
      "id": 828,
      "type": "Text Input [Dream]",
      "pos": {
        "0": -2800,
        "1": 1330,
        "2": 0,
        "3": 0,
        "4": 0,
        "5": 0,
        "6": 0,
        "7": 0,
        "8": 0,
        "9": 0
      },
      "size": {
        "0": 450.73028564453125,
        "1": 92.01956939697266
      },
      "flags": {},
      "order": 6,
      "mode": 0,
      "inputs": [],
      "outputs": [
        {
          "name": "STRING",
          "type": "STRING",
          "links": [
            1801
          ],
          "slot_index": 0,
          "shape": 3
        }
      ],
      "title": "✍ Movement",
      "properties": {
        "Node name for S&R": "Text Input [Dream]"
      },
      "widgets_values": [
        "the camera is rotating around cat, cat yawning",
        true
      ],
      "color": "#232",
      "bgcolor": "#353"
    },
    {
      "id": 814,
      "type": "Text Input [Dream]",
      "pos": {
        "0": -2800,
        "1": 1080,
        "2": 0,
        "3": 0,
        "4": 0,
        "5": 0,
        "6": 0,
        "7": 0,
        "8": 0,
        "9": 0
      },
      "size": {
        "0": 444.4832458496094,
        "1": 177.52883911132812
      },
      "flags": {},
      "order": 7,
      "mode": 0,
      "inputs": [],
      "outputs": [
        {
          "name": "STRING",
          "type": "STRING",
          "links": [
            1802
          ],
          "slot_index": 0,
          "shape": 3
        }
      ],
      "title": "✍ Description",
      "properties": {
        "Node name for S&R": "Text Input [Dream]"
      },
      "widgets_values": [
        "sharp image of a close-up portrait of a cat wearing a silver puffer jacket. The cat is looking directly at the camera with a curious expression. Its fur is a mix of brown, black, and white stripes, and its eyes are a bright yellow. The background is a solid yellow color, making the cat the focal point of the image.",
        true
      ],
      "color": "#232",
      "bgcolor": "#353"
    },
    {
      "id": 827,
      "type": "ConcatStringSingle",
      "pos": {
        "0": -2160,
        "1": 1130,
        "2": 0,
        "3": 0,
        "4": 0,
        "5": 0,
        "6": 0,
        "7": 0,
        "8": 0,
        "9": 0
      },
      "size": {
        "0": 369.66143798828125,
        "1": 64
      },
      "flags": {
        "collapsed": true
      },
      "order": 13,
      "mode": 0,
      "inputs": [
        {
          "name": "string_a",
          "type": "STRING",
          "link": 1801,
          "widget": {
            "name": "string_a"
          }
        },
        {
          "name": "string_b",
          "type": "STRING",
          "link": 1802,
          "widget": {
            "name": "string_b"
          }
        }
      ],
      "outputs": [
        {
          "name": "STRING",
          "type": "STRING",
          "links": [
            1779
          ],
          "shape": 3
        }
      ],
      "properties": {
        "Node name for S&R": "ConcatStringSingle"
      },
      "widgets_values": [
        "",
        "",
        true,
        true
      ],
      "color": "#232",
      "bgcolor": "#353"
    },
    {
      "id": 797,
      "type": "VHS_LoadVideo",
      "pos": {
        "0": -136,
        "1": 1495,
        "2": 0,
        "3": 0,
        "4": 0,
        "5": 0,
        "6": 0,
        "7": 0,
        "8": 0,
        "9": 0
      },
      "size": [
        249.6999969482422,
        429.1333312988281
      ],
      "flags": {},
      "order": 8,
      "mode": 0,
      "inputs": [
        {
          "name": "meta_batch",
          "type": "VHS_BatchManager",
          "link": null
        },
        {
          "name": "vae",
          "type": "VAE",
          "link": null
        }
      ],
      "outputs": [
        {
          "name": "IMAGE",
          "type": "IMAGE",
          "links": [],
          "slot_index": 0,
          "shape": 3
        },
        {
          "name": "frame_count",
          "type": "INT",
          "links": null,
          "shape": 3
        },
        {
          "name": "audio",
          "type": "AUDIO",
          "links": null,
          "shape": 3
        },
        {
          "name": "video_info",
          "type": "VHS_VIDEOINFO",
          "links": null,
          "shape": 3
        }
      ],
      "properties": {
        "Node name for S&R": "VHS_LoadVideo",
        "ttNbgOverride": {
          "color": "#223",
          "bgcolor": "#335",
          "groupcolor": "#88A"
        }
      },
      "widgets_values": {
        "video": "Cog_video_00002.mp4",
        "force_rate": 0,
        "force_size": "Disabled",
        "custom_width": 512,
        "custom_height": 512,
        "frame_load_cap": 0,
        "skip_first_frames": 0,
        "select_every_nth": 1,
        "choose video to upload": "image",
        "videopreview": {
          "hidden": false,
          "paused": false,
          "params": {
            "frame_load_cap": 0,
            "skip_first_frames": 0,
            "force_rate": 0,
            "filename": "Cog_video_00002.mp4",
            "type": "input",
            "format": "video/mp4",
            "select_every_nth": 1
          },
          "muted": false
        }
      },
      "color": "#223",
      "bgcolor": "#335"
    },
    {
      "id": 833,
      "type": "VHS_VideoCombine",
      "pos": {
        "0": -832,
        "1": 1319,
        "2": 0,
        "3": 0,
        "4": 0,
        "5": 0,
        "6": 0,
        "7": 0,
        "8": 0,
        "9": 0
      },
      "size": [
        544.4450288849614,
        673.6300192566409
      ],
      "flags": {},
      "order": 22,
      "mode": 0,
      "inputs": [
        {
          "name": "images",
          "type": "IMAGE",
          "link": 1795
        },
        {
          "name": "audio",
          "type": "VHS_AUDIO",
          "link": null
        },
        {
          "name": "meta_batch",
          "type": "VHS_BatchManager",
          "link": null
        },
        {
          "name": "vae",
          "type": "VAE",
          "link": null
        }
      ],
      "outputs": [
        {
          "name": "Filenames",
          "type": "VHS_FILENAMES",
          "links": null,
          "shape": 3
        }
      ],
      "properties": {
        "Node name for S&R": "VHS_VideoCombine"
      },
      "widgets_values": {
        "frame_rate": 8,
        "loop_count": 0,
        "filename_prefix": "CogVideo/Cog_video_tile",
        "format": "video/h264-mp4",
        "pix_fmt": "yuv420p",
        "crf": 10,
        "save_metadata": true,
        "pingpong": false,
        "save_output": true,
        "videopreview": {
          "hidden": false,
          "paused": false,
          "params": {
            "filename": "Cog_video_tile_00002.mp4",
            "subfolder": "CogVideo",
            "type": "output",
            "format": "video/h264-mp4",
            "frame_rate": 8
          }
        }
      },
      "color": "#222",
      "bgcolor": "#000"
    },
    {
      "id": 822,
      "type": "CogVideoSampler",
      "pos": {
        "0": -1269,
        "1": 1117,
        "2": 0,
        "3": 0,
        "4": 0,
        "5": 0,
        "6": 0,
        "7": 0,
        "8": 0,
        "9": 0
      },
      "size": {
        "0": 405.5999755859375,
        "1": 378
      },
      "flags": {},
      "order": 19,
      "mode": 0,
      "inputs": [
        {
          "name": "pipeline",
          "type": "COGVIDEOPIPE",
          "link": 1798
        },
        {
          "name": "positive",
          "type": "CONDITIONING",
          "link": 1778
        },
        {
          "name": "negative",
          "type": "CONDITIONING",
          "link": 1799
        },
        {
          "name": "samples",
          "type": "LATENT",
          "link": null
        },
        {
          "name": "image_cond_latents",
          "type": "LATENT",
          "link": 1787
        }
      ],
      "outputs": [
        {
          "name": "cogvideo_pipe",
          "type": "COGVIDEOPIPE",
          "links": [
            1790
          ],
          "slot_index": 0,
          "shape": 3
        },
        {
          "name": "samples",
          "type": "LATENT",
          "links": [
            1791
          ],
          "slot_index": 1,
          "shape": 3
        }
      ],
      "properties": {
        "Node name for S&R": "CogVideoSampler",
        "ttNbgOverride": {
          "color": "#223",
          "bgcolor": "#335",
          "groupcolor": "#88A"
        }
      },
      "widgets_values": [
        480,
        720,
        49,
        50,
        6,
        778,
        "fixed",
        "DDIM",
        16,
        8,
        1
      ],
      "color": "#223",
      "bgcolor": "#335"
    },
    {
      "id": 812,
      "type": "Fast Groups Bypasser (rgthree)",
      "pos": {
        "0": -3225,
        "1": 780,
        "2": 0,
        "3": 0,
        "4": 0,
        "5": 0,
        "6": 0,
        "7": 0,
        "8": 0,
        "9": 0
      },
      "size": {
        "0": 252,
        "1": 178
      },
      "flags": {},
      "order": 9,
      "mode": 0,
      "inputs": [],
      "outputs": [
        {
          "name": "OPT_CONNECTION",
          "type": "*",
          "links": null
        }
      ],
      "properties": {
        "matchColors": "",
        "matchTitle": "",
        "showNav": true,
        "sort": "position",
        "customSortAlphabet": "",
        "toggleRestriction": "default",
        "ttNbgOverride": {
          "color": "#223",
          "bgcolor": "#335",
          "groupcolor": "#88A"
        }
      },
      "color": "#232",
      "bgcolor": "#353"
    }
  ],
  "links": [
    [
      651,
      270,
      0,
      271,
      0,
      "UPSCALE_MODEL"
    ],
    [
      1721,
      271,
      0,
      279,
      0,
      "IMAGE"
    ],
    [
      1724,
      798,
      0,
      799,
      0,
      "INT"
    ],
    [
      1725,
      798,
      1,
      800,
      0,
      "INT"
    ],
    [
      1726,
      799,
      0,
      279,
      1,
      "INT"
    ],
    [
      1727,
      800,
      0,
      279,
      2,
      "INT"
    ],
    [
      1755,
      279,
      0,
      808,
      0,
      "IMAGE"
    ],
    [
      1759,
      799,
      0,
      809,
      1,
      "INT"
    ],
    [
      1760,
      800,
      0,
      809,
      2,
      "INT"
    ],
    [
      1761,
      809,
      0,
      808,
      1,
      "IMAGE"
    ],
    [
      1762,
      808,
      0,
      806,
      0,
      "IMAGE"
    ],
    [
      1763,
      806,
      0,
      272,
      0,
      "IMAGE"
    ],
    [
      1765,
      810,
      0,
      271,
      1,
      "IMAGE"
    ],
    [
      1766,
      810,
      0,
      798,
      0,
      "IMAGE"
    ],
    [
      1767,
      810,
      0,
      809,
      0,
      "IMAGE"
    ],
    [
      1769,
      819,
      0,
      818,
      1,
      "FL2MODEL"
    ],
    [
      1770,
      821,
      0,
      820,
      0,
      "STRING"
    ],
    [
      1771,
      818,
      2,
      821,
      0,
      "STRING"
    ],
    [
      1773,
      815,
      0,
      816,
      0,
      "IMAGE"
    ],
    [
      1778,
      826,
      0,
      822,
      1,
      "CONDITIONING"
    ],
    [
      1779,
      827,
      0,
      826,
      1,
      "STRING"
    ],
    [
      1784,
      829,
      0,
      826,
      0,
      "CLIP"
    ],
    [
      1787,
      830,
      0,
      822,
      4,
      "LATENT"
    ],
    [
      1788,
      831,
      0,
      830,
      0,
      "COGVIDEOPIPE"
    ],
    [
      1789,
      815,
      0,
      830,
      1,
      "IMAGE"
    ],
    [
      1790,
      822,
      0,
      832,
      0,
      "COGVIDEOPIPE"
    ],
    [
      1791,
      822,
      1,
      832,
      1,
      "LATENT"
    ],
    [
      1792,
      832,
      0,
      810,
      0,
      "*"
    ],
    [
      1795,
      832,
      0,
      833,
      0,
      "IMAGE"
    ],
    [
      1796,
      834,
      0,
      815,
      0,
      "IMAGE"
    ],
    [
      1797,
      834,
      0,
      818,
      0,
      "IMAGE"
    ],
    [
      1798,
      831,
      0,
      822,
      0,
      "COGVIDEOPIPE"
    ],
    [
      1799,
      835,
      0,
      822,
      2,
      "CONDITIONING"
    ],
    [
      1800,
      829,
      0,
      835,
      0,
      "CLIP"
    ],
    [
      1801,
      828,
      0,
      827,
      0,
      "STRING"
    ],
    [
      1802,
      814,
      0,
      827,
      1,
      "STRING"
    ]
  ],
  "groups": [
    {
      "title": "Upscale & Time Stretch",
      "bounding": [
        -156,
        1025,
        2983,
        1404
      ],
      "color": "#3f789e",
      "font_size": 24,
      "locked": false
    },
    {
      "title": "Auto Prompt",
      "bounding": [
        -2868,
        325,
        852,
        634
      ],
      "color": "#3f789e",
      "font_size": 24,
      "locked": false
    },
    {
      "title": "CogVideo",
      "bounding": [
        -2828,
        992,
        2586,
        1034
      ],
      "color": "#3f789e",
      "font_size": 24,
      "locked": false
    }
  ],
  "config": {},
  "extra": {
    "ds": {
      "scale": 0.23579476910001318,
      "offset": [
        3912.9229408359943,
        1559.8977851246332
      ]
    },
    "workspace_info": {
      "id": "QYZJ9j52qcF2jVPmjDnbO"
    },
    "groupNodes": {}
  },
  "version": 0.4
}